state,pop
California,39148760.0
Wyoming,581836.0
Ohio,11641879.0
Kentucky,4440204.0
Virginia,8413774.0
Texas,27885195.0
Delaware,949495.0
North Dakota,752201.0
Michigan,9957488.0
Utah,2203366.0
New Jersey,8881845.0
New Mexico,2092434.0
Arkansas,2990671.0
Wisconsin,5778394.0
Washington,7294336.0
Minnesota,5527358.0
Montana,1041732.0
Puerto Rico,3386941.0
Iowa,3132499.0
North Carolina,10155624.0
New York,19618453.0
Florida,20598139.0
