state,pop
California,39148760.0
Wyoming,581836.0
Ohio,11641879.0
Kentucky,4440204.0
Nevada,2922849.0
Utah,2203366.0
New Mexico,2092434.0
Maine,1332813.0
Massachusetts,6801779.0
Michigan,9957488.0
Texas,27885195.0
Alaska,736384.0
Montana,1041732.0
Puerto Rico,3386941.0
Rhode Island,1056611.0
Florida,20598139.0
South Dakota,864289.0
Kansas,2908776.0
South Carolina,4955925.0
Virginia,8413774.0
Pennsylvania,12791181.0
Nebraska,1904760.0
Minnesota,5527358.0
Oregon,4081943.0
New Jersey,8881845.0
